<?xml version="1.0" encoding="UTF-8"?>
<spirit:component xmlns:xilinx="http://www.xilinx.com" xmlns:spirit="http://www.spiritconsortium.org/XMLSchema/SPIRIT/1685-2009" xmlns:xsi="http://www.w3.org/2001/XMLSchema-instance">
  <spirit:vendor>xilinx.com</spirit:vendor>
  <spirit:library>user</spirit:library>
  <spirit:name>BPSK_Selector_21</spirit:name>
  <spirit:version>1.0</spirit:version>
  <spirit:busInterfaces>
    <spirit:busInterface>
      <spirit:name>S_AXIS_0</spirit:name>
      <spirit:displayName>S_AXIS_0</spirit:displayName>
      <spirit:busType spirit:vendor="xilinx.com" spirit:library="interface" spirit:name="axis" spirit:version="1.0"/>
      <spirit:abstractionType spirit:vendor="xilinx.com" spirit:library="interface" spirit:name="axis_rtl" spirit:version="1.0"/>
      <spirit:slave/>
      <spirit:portMaps>
        <spirit:portMap>
          <spirit:logicalPort>
            <spirit:name>TDATA</spirit:name>
          </spirit:logicalPort>
          <spirit:physicalPort>
            <spirit:name>S_AXIS_DATA_0</spirit:name>
          </spirit:physicalPort>
        </spirit:portMap>
        <spirit:portMap>
          <spirit:logicalPort>
            <spirit:name>TVALID</spirit:name>
          </spirit:logicalPort>
          <spirit:physicalPort>
            <spirit:name>S_AXIS_VALID_0</spirit:name>
          </spirit:physicalPort>
        </spirit:portMap>
      </spirit:portMaps>
    </spirit:busInterface>
    <spirit:busInterface>
      <spirit:name>S_AXIS_1</spirit:name>
      <spirit:busType spirit:vendor="xilinx.com" spirit:library="interface" spirit:name="axis" spirit:version="1.0"/>
      <spirit:abstractionType spirit:vendor="xilinx.com" spirit:library="interface" spirit:name="axis_rtl" spirit:version="1.0"/>
      <spirit:slave/>
      <spirit:portMaps>
        <spirit:portMap>
          <spirit:logicalPort>
            <spirit:name>TDATA</spirit:name>
          </spirit:logicalPort>
          <spirit:physicalPort>
            <spirit:name>S_AXIS_DATA_1</spirit:name>
          </spirit:physicalPort>
        </spirit:portMap>
        <spirit:portMap>
          <spirit:logicalPort>
            <spirit:name>TVALID</spirit:name>
          </spirit:logicalPort>
          <spirit:physicalPort>
            <spirit:name>S_AXIS_VALID_1</spirit:name>
          </spirit:physicalPort>
        </spirit:portMap>
      </spirit:portMaps>
    </spirit:busInterface>
    <spirit:busInterface>
      <spirit:name>M_AXIS_0</spirit:name>
      <spirit:busType spirit:vendor="xilinx.com" spirit:library="interface" spirit:name="axis" spirit:version="1.0"/>
      <spirit:abstractionType spirit:vendor="xilinx.com" spirit:library="interface" spirit:name="axis_rtl" spirit:version="1.0"/>
      <spirit:master/>
      <spirit:portMaps>
        <spirit:portMap>
          <spirit:logicalPort>
            <spirit:name>TDATA</spirit:name>
          </spirit:logicalPort>
          <spirit:physicalPort>
            <spirit:name>M_AXIS_DATA_0</spirit:name>
          </spirit:physicalPort>
        </spirit:portMap>
        <spirit:portMap>
          <spirit:logicalPort>
            <spirit:name>TVALID</spirit:name>
          </spirit:logicalPort>
          <spirit:physicalPort>
            <spirit:name>M_AXIS_VALID_0</spirit:name>
          </spirit:physicalPort>
        </spirit:portMap>
      </spirit:portMaps>
    </spirit:busInterface>
    <spirit:busInterface>
      <spirit:name>aresetn</spirit:name>
      <spirit:busType spirit:vendor="xilinx.com" spirit:library="signal" spirit:name="reset" spirit:version="1.0"/>
      <spirit:abstractionType spirit:vendor="xilinx.com" spirit:library="signal" spirit:name="reset_rtl" spirit:version="1.0"/>
      <spirit:slave/>
      <spirit:portMaps>
        <spirit:portMap>
          <spirit:logicalPort>
            <spirit:name>RST</spirit:name>
          </spirit:logicalPort>
          <spirit:physicalPort>
            <spirit:name>aresetn</spirit:name>
          </spirit:physicalPort>
        </spirit:portMap>
      </spirit:portMaps>
      <spirit:parameters>
        <spirit:parameter>
          <spirit:name>POLARITY</spirit:name>
          <spirit:value spirit:id="BUSIFPARAM_VALUE.ARESETN.POLARITY" spirit:choiceRef="choice_list_9d8b0d81">ACTIVE_LOW</spirit:value>
        </spirit:parameter>
      </spirit:parameters>
    </spirit:busInterface>
    <spirit:busInterface>
      <spirit:name>aclk</spirit:name>
      <spirit:busType spirit:vendor="xilinx.com" spirit:library="signal" spirit:name="clock" spirit:version="1.0"/>
      <spirit:abstractionType spirit:vendor="xilinx.com" spirit:library="signal" spirit:name="clock_rtl" spirit:version="1.0"/>
      <spirit:slave/>
      <spirit:portMaps>
        <spirit:portMap>
          <spirit:logicalPort>
            <spirit:name>CLK</spirit:name>
          </spirit:logicalPort>
          <spirit:physicalPort>
            <spirit:name>aclk</spirit:name>
          </spirit:physicalPort>
        </spirit:portMap>
      </spirit:portMaps>
      <spirit:parameters>
        <spirit:parameter>
          <spirit:name>ASSOCIATED_BUSIF</spirit:name>
          <spirit:value spirit:id="BUSIFPARAM_VALUE.ACLK.ASSOCIATED_BUSIF">S_AXIS_0:S_AXIS_1:M_AXIS_0</spirit:value>
        </spirit:parameter>
        <spirit:parameter>
          <spirit:name>ASSOCIATED_RESET</spirit:name>
          <spirit:value spirit:id="BUSIFPARAM_VALUE.ACLK.ASSOCIATED_RESET">aresetn</spirit:value>
        </spirit:parameter>
      </spirit:parameters>
    </spirit:busInterface>
  </spirit:busInterfaces>
  <spirit:model>
    <spirit:views>
      <spirit:view>
        <spirit:name>xilinx_anylanguagesynthesis</spirit:name>
        <spirit:displayName>Synthesis</spirit:displayName>
        <spirit:envIdentifier>:vivado.xilinx.com:synthesis</spirit:envIdentifier>
        <spirit:language>VHDL</spirit:language>
        <spirit:modelName>BPSK_Selector_21</spirit:modelName>
        <spirit:fileSetRef>
          <spirit:localName>xilinx_anylanguagesynthesis_view_fileset</spirit:localName>
        </spirit:fileSetRef>
        <spirit:parameters>
          <spirit:parameter>
            <spirit:name>viewChecksum</spirit:name>
            <spirit:value>ac6df3e9</spirit:value>
          </spirit:parameter>
        </spirit:parameters>
      </spirit:view>
      <spirit:view>
        <spirit:name>xilinx_anylanguagebehavioralsimulation</spirit:name>
        <spirit:displayName>Simulation</spirit:displayName>
        <spirit:envIdentifier>:vivado.xilinx.com:simulation</spirit:envIdentifier>
        <spirit:language>VHDL</spirit:language>
        <spirit:modelName>BPSK_Selector_21</spirit:modelName>
        <spirit:fileSetRef>
          <spirit:localName>xilinx_anylanguagebehavioralsimulation_view_fileset</spirit:localName>
        </spirit:fileSetRef>
        <spirit:parameters>
          <spirit:parameter>
            <spirit:name>viewChecksum</spirit:name>
            <spirit:value>ac6df3e9</spirit:value>
          </spirit:parameter>
        </spirit:parameters>
      </spirit:view>
      <spirit:view>
        <spirit:name>xilinx_xpgui</spirit:name>
        <spirit:displayName>UI Layout</spirit:displayName>
        <spirit:envIdentifier>:vivado.xilinx.com:xgui.ui</spirit:envIdentifier>
        <spirit:fileSetRef>
          <spirit:localName>xilinx_xpgui_view_fileset</spirit:localName>
        </spirit:fileSetRef>
        <spirit:parameters>
          <spirit:parameter>
            <spirit:name>viewChecksum</spirit:name>
            <spirit:value>f64a5dae</spirit:value>
          </spirit:parameter>
        </spirit:parameters>
      </spirit:view>
    </spirit:views>
    <spirit:ports>
      <spirit:port>
        <spirit:name>aclk</spirit:name>
        <spirit:wire>
          <spirit:direction>in</spirit:direction>
          <spirit:wireTypeDefs>
            <spirit:wireTypeDef>
              <spirit:typeName>STD_LOGIC</spirit:typeName>
              <spirit:viewNameRef>xilinx_anylanguagesynthesis</spirit:viewNameRef>
              <spirit:viewNameRef>xilinx_anylanguagebehavioralsimulation</spirit:viewNameRef>
            </spirit:wireTypeDef>
          </spirit:wireTypeDefs>
        </spirit:wire>
      </spirit:port>
      <spirit:port>
        <spirit:name>aresetn</spirit:name>
        <spirit:wire>
          <spirit:direction>in</spirit:direction>
          <spirit:wireTypeDefs>
            <spirit:wireTypeDef>
              <spirit:typeName>STD_LOGIC</spirit:typeName>
              <spirit:viewNameRef>xilinx_anylanguagesynthesis</spirit:viewNameRef>
              <spirit:viewNameRef>xilinx_anylanguagebehavioralsimulation</spirit:viewNameRef>
            </spirit:wireTypeDef>
          </spirit:wireTypeDefs>
        </spirit:wire>
      </spirit:port>
      <spirit:port>
        <spirit:name>BPSK_SELECT</spirit:name>
        <spirit:wire>
          <spirit:direction>in</spirit:direction>
          <spirit:vector>
            <spirit:left spirit:format="long">15</spirit:left>
            <spirit:right spirit:format="long">0</spirit:right>
          </spirit:vector>
          <spirit:wireTypeDefs>
            <spirit:wireTypeDef>
              <spirit:typeName>STD_LOGIC_VECTOR</spirit:typeName>
              <spirit:viewNameRef>xilinx_anylanguagesynthesis</spirit:viewNameRef>
              <spirit:viewNameRef>xilinx_anylanguagebehavioralsimulation</spirit:viewNameRef>
            </spirit:wireTypeDef>
          </spirit:wireTypeDefs>
        </spirit:wire>
      </spirit:port>
      <spirit:port>
        <spirit:name>S_AXIS_DATA_0</spirit:name>
        <spirit:wire>
          <spirit:direction>in</spirit:direction>
          <spirit:vector>
            <spirit:left spirit:format="long">15</spirit:left>
            <spirit:right spirit:format="long">0</spirit:right>
          </spirit:vector>
          <spirit:wireTypeDefs>
            <spirit:wireTypeDef>
              <spirit:typeName>STD_LOGIC_VECTOR</spirit:typeName>
              <spirit:viewNameRef>xilinx_anylanguagesynthesis</spirit:viewNameRef>
              <spirit:viewNameRef>xilinx_anylanguagebehavioralsimulation</spirit:viewNameRef>
            </spirit:wireTypeDef>
          </spirit:wireTypeDefs>
        </spirit:wire>
      </spirit:port>
      <spirit:port>
        <spirit:name>S_AXIS_VALID_0</spirit:name>
        <spirit:wire>
          <spirit:direction>in</spirit:direction>
          <spirit:vector>
            <spirit:left spirit:format="long">1</spirit:left>
            <spirit:right spirit:format="long">0</spirit:right>
          </spirit:vector>
          <spirit:wireTypeDefs>
            <spirit:wireTypeDef>
              <spirit:typeName>STD_LOGIC_VECTOR</spirit:typeName>
              <spirit:viewNameRef>xilinx_anylanguagesynthesis</spirit:viewNameRef>
              <spirit:viewNameRef>xilinx_anylanguagebehavioralsimulation</spirit:viewNameRef>
            </spirit:wireTypeDef>
          </spirit:wireTypeDefs>
        </spirit:wire>
      </spirit:port>
      <spirit:port>
        <spirit:name>S_AXIS_DATA_1</spirit:name>
        <spirit:wire>
          <spirit:direction>in</spirit:direction>
          <spirit:vector>
            <spirit:left spirit:format="long">15</spirit:left>
            <spirit:right spirit:format="long">0</spirit:right>
          </spirit:vector>
          <spirit:wireTypeDefs>
            <spirit:wireTypeDef>
              <spirit:typeName>STD_LOGIC_VECTOR</spirit:typeName>
              <spirit:viewNameRef>xilinx_anylanguagesynthesis</spirit:viewNameRef>
              <spirit:viewNameRef>xilinx_anylanguagebehavioralsimulation</spirit:viewNameRef>
            </spirit:wireTypeDef>
          </spirit:wireTypeDefs>
        </spirit:wire>
      </spirit:port>
      <spirit:port>
        <spirit:name>S_AXIS_VALID_1</spirit:name>
        <spirit:wire>
          <spirit:direction>in</spirit:direction>
          <spirit:vector>
            <spirit:left spirit:format="long">1</spirit:left>
            <spirit:right spirit:format="long">0</spirit:right>
          </spirit:vector>
          <spirit:wireTypeDefs>
            <spirit:wireTypeDef>
              <spirit:typeName>STD_LOGIC_VECTOR</spirit:typeName>
              <spirit:viewNameRef>xilinx_anylanguagesynthesis</spirit:viewNameRef>
              <spirit:viewNameRef>xilinx_anylanguagebehavioralsimulation</spirit:viewNameRef>
            </spirit:wireTypeDef>
          </spirit:wireTypeDefs>
        </spirit:wire>
      </spirit:port>
      <spirit:port>
        <spirit:name>M_AXIS_DATA_0</spirit:name>
        <spirit:wire>
          <spirit:direction>out</spirit:direction>
          <spirit:vector>
            <spirit:left spirit:format="long">15</spirit:left>
            <spirit:right spirit:format="long">0</spirit:right>
          </spirit:vector>
          <spirit:wireTypeDefs>
            <spirit:wireTypeDef>
              <spirit:typeName>STD_LOGIC_VECTOR</spirit:typeName>
              <spirit:viewNameRef>xilinx_anylanguagesynthesis</spirit:viewNameRef>
              <spirit:viewNameRef>xilinx_anylanguagebehavioralsimulation</spirit:viewNameRef>
            </spirit:wireTypeDef>
          </spirit:wireTypeDefs>
        </spirit:wire>
      </spirit:port>
      <spirit:port>
        <spirit:name>M_AXIS_VALID_0</spirit:name>
        <spirit:wire>
          <spirit:direction>out</spirit:direction>
          <spirit:vector>
            <spirit:left spirit:format="long">1</spirit:left>
            <spirit:right spirit:format="long">0</spirit:right>
          </spirit:vector>
          <spirit:wireTypeDefs>
            <spirit:wireTypeDef>
              <spirit:typeName>STD_LOGIC_VECTOR</spirit:typeName>
              <spirit:viewNameRef>xilinx_anylanguagesynthesis</spirit:viewNameRef>
              <spirit:viewNameRef>xilinx_anylanguagebehavioralsimulation</spirit:viewNameRef>
            </spirit:wireTypeDef>
          </spirit:wireTypeDefs>
        </spirit:wire>
      </spirit:port>
    </spirit:ports>
  </spirit:model>
  <spirit:choices>
    <spirit:choice>
      <spirit:name>choice_list_9d8b0d81</spirit:name>
      <spirit:enumeration>ACTIVE_HIGH</spirit:enumeration>
      <spirit:enumeration>ACTIVE_LOW</spirit:enumeration>
    </spirit:choice>
  </spirit:choices>
  <spirit:fileSets>
    <spirit:fileSet>
      <spirit:name>xilinx_anylanguagesynthesis_view_fileset</spirit:name>
      <spirit:file>
        <spirit:name>BPSK_Selector_21.vhd</spirit:name>
        <spirit:fileType>vhdlSource</spirit:fileType>
        <spirit:userFileType>CHECKSUM_ac6df3e9</spirit:userFileType>
      </spirit:file>
    </spirit:fileSet>
    <spirit:fileSet>
      <spirit:name>xilinx_anylanguagebehavioralsimulation_view_fileset</spirit:name>
      <spirit:file>
        <spirit:name>BPSK_Selector_21.vhd</spirit:name>
        <spirit:fileType>vhdlSource</spirit:fileType>
      </spirit:file>
    </spirit:fileSet>
    <spirit:fileSet>
      <spirit:name>xilinx_xpgui_view_fileset</spirit:name>
      <spirit:file>
        <spirit:name>xgui/BPSK_Selector_21_v1_0.tcl</spirit:name>
        <spirit:fileType>tclSource</spirit:fileType>
        <spirit:userFileType>CHECKSUM_f64a5dae</spirit:userFileType>
        <spirit:userFileType>XGUI_VERSION_2</spirit:userFileType>
      </spirit:file>
    </spirit:fileSet>
  </spirit:fileSets>
  <spirit:description>BPSK_Selector_21_v1_0</spirit:description>
  <spirit:parameters>
    <spirit:parameter>
      <spirit:name>Component_Name</spirit:name>
      <spirit:value spirit:resolve="user" spirit:id="PARAM_VALUE.Component_Name" spirit:order="1">BPSK_Selector_21_v1_0</spirit:value>
    </spirit:parameter>
  </spirit:parameters>
  <spirit:vendorExtensions>
    <xilinx:coreExtensions>
      <xilinx:supportedFamilies>
        <xilinx:family xilinx:lifeCycle="Production">virtex7</xilinx:family>
        <xilinx:family xilinx:lifeCycle="Production">qvirtex7</xilinx:family>
        <xilinx:family xilinx:lifeCycle="Production">versal</xilinx:family>
        <xilinx:family xilinx:lifeCycle="Production">kintex7</xilinx:family>
        <xilinx:family xilinx:lifeCycle="Production">kintex7l</xilinx:family>
        <xilinx:family xilinx:lifeCycle="Production">qkintex7</xilinx:family>
        <xilinx:family xilinx:lifeCycle="Production">qkintex7l</xilinx:family>
        <xilinx:family xilinx:lifeCycle="Production">akintex7</xilinx:family>
        <xilinx:family xilinx:lifeCycle="Production">artix7</xilinx:family>
        <xilinx:family xilinx:lifeCycle="Production">artix7l</xilinx:family>
        <xilinx:family xilinx:lifeCycle="Production">aartix7</xilinx:family>
        <xilinx:family xilinx:lifeCycle="Production">qartix7</xilinx:family>
        <xilinx:family xilinx:lifeCycle="Production">zynq</xilinx:family>
        <xilinx:family xilinx:lifeCycle="Production">qzynq</xilinx:family>
        <xilinx:family xilinx:lifeCycle="Production">azynq</xilinx:family>
        <xilinx:family xilinx:lifeCycle="Production">spartan7</xilinx:family>
        <xilinx:family xilinx:lifeCycle="Production">aspartan7</xilinx:family>
        <xilinx:family xilinx:lifeCycle="Production">virtexu</xilinx:family>
        <xilinx:family xilinx:lifeCycle="Production">zynquplus</xilinx:family>
        <xilinx:family xilinx:lifeCycle="Production">virtexuplus</xilinx:family>
        <xilinx:family xilinx:lifeCycle="Production">virtexuplusHBM</xilinx:family>
        <xilinx:family xilinx:lifeCycle="Production">virtexuplus58g</xilinx:family>
        <xilinx:family xilinx:lifeCycle="Production">kintexuplus</xilinx:family>
        <xilinx:family xilinx:lifeCycle="Production">kintexu</xilinx:family>
      </xilinx:supportedFamilies>
      <xilinx:taxonomies>
        <xilinx:taxonomy>/UserIP</xilinx:taxonomy>
      </xilinx:taxonomies>
      <xilinx:displayName>BPSK_Selector_21_v1_0</xilinx:displayName>
      <xilinx:definitionSource>package_project</xilinx:definitionSource>
      <xilinx:vendorDisplayName>e.fard</xilinx:vendorDisplayName>
      <xilinx:coreRevision>13</xilinx:coreRevision>
      <xilinx:coreCreationDateTime>2023-02-13T23:56:24Z</xilinx:coreCreationDateTime>
      <xilinx:tags>
        <xilinx:tag xilinx:name="ui.data.coregen.df@6061809d_ARCHIVE_LOCATION">c:/users/ssp-120/desktop/bpsk_selector_21/project_1/project_1.srcs/sources_1/new</xilinx:tag>
        <xilinx:tag xilinx:name="ui.data.coregen.df@36ecee77_ARCHIVE_LOCATION">c:/users/ssp-120/desktop/bpsk_selector_21/project_1/project_1.srcs/sources_1/new</xilinx:tag>
        <xilinx:tag xilinx:name="ui.data.coregen.df@6046d0fb_ARCHIVE_LOCATION">c:/users/ssp-120/desktop/bpsk_selector_21/project_1/project_1.srcs/sources_1/new</xilinx:tag>
        <xilinx:tag xilinx:name="ui.data.coregen.df@5eef38c1_ARCHIVE_LOCATION">c:/users/ssp-120/desktop/bpsk_selector_21/project_1/project_1.srcs/sources_1/new</xilinx:tag>
        <xilinx:tag xilinx:name="ui.data.coregen.df@5b902260_ARCHIVE_LOCATION">c:/users/ssp-120/desktop/bpsk_selector_21/project_1/project_1.srcs/sources_1/new</xilinx:tag>
        <xilinx:tag xilinx:name="ui.data.coregen.df@54e055d4_ARCHIVE_LOCATION">c:/users/ssp-120/desktop/bpsk_selector_21/project_1/project_1.srcs/sources_1/new</xilinx:tag>
        <xilinx:tag xilinx:name="ui.data.coregen.df@27e4aac6_ARCHIVE_LOCATION">c:/users/ssp-120/desktop/bpsk_selector_21/project_1/project_1.srcs/sources_1/new</xilinx:tag>
        <xilinx:tag xilinx:name="ui.data.coregen.df@29cf2d3_ARCHIVE_LOCATION">c:/users/ssp-120/desktop/bpsk_selector_21/project_1/project_1.srcs/sources_1/new</xilinx:tag>
        <xilinx:tag xilinx:name="ui.data.coregen.df@1dd610ce_ARCHIVE_LOCATION">c:/users/ssp-120/desktop/bpsk_selector_21/project_1/project_1.srcs/sources_1/new</xilinx:tag>
        <xilinx:tag xilinx:name="ui.data.coregen.df@6045e1b5_ARCHIVE_LOCATION">c:/users/ssp-120/desktop/bpsk_selector_21/project_1/project_1.srcs/sources_1/new</xilinx:tag>
        <xilinx:tag xilinx:name="ui.data.coregen.df@5b77a8c9_ARCHIVE_LOCATION">c:/users/ssp-120/desktop/bpsk_selector_21/project_1/project_1.srcs/sources_1/new</xilinx:tag>
        <xilinx:tag xilinx:name="ui.data.coregen.df@516c9cd_ARCHIVE_LOCATION">c:/users/ssp-120/desktop/bpsk_selector_21/project_1/project_1.srcs/sources_1/new</xilinx:tag>
        <xilinx:tag xilinx:name="ui.data.coregen.df@27d605e7_ARCHIVE_LOCATION">c:/users/ssp-120/desktop/bpsk_selector_21/project_1/project_1.srcs/sources_1/new</xilinx:tag>
        <xilinx:tag xilinx:name="ui.data.coregen.df@1a214d5d_ARCHIVE_LOCATION">c:/users/ssp-120/desktop/bpsk_selector_21/project_1/project_1.srcs/sources_1/new</xilinx:tag>
        <xilinx:tag xilinx:name="ui.data.coregen.df@719edb68_ARCHIVE_LOCATION">c:/users/ssp-120/desktop/bpsk_selector_21/project_1/project_1.srcs/sources_1/new</xilinx:tag>
        <xilinx:tag xilinx:name="ui.data.coregen.df@6752c491_ARCHIVE_LOCATION">c:/users/ssp-120/desktop/bpsk_selector_21/project_1/project_1.srcs/sources_1/new</xilinx:tag>
        <xilinx:tag xilinx:name="ui.data.coregen.df@7521ef5c_ARCHIVE_LOCATION">c:/users/ssp-120/desktop/bpsk_selector_21/project_1/project_1.srcs/sources_1/new</xilinx:tag>
        <xilinx:tag xilinx:name="ui.data.coregen.df@5d17460f_ARCHIVE_LOCATION">c:/users/ssp-120/desktop/bpsk_selector_21/project_1/project_1.srcs/sources_1/new</xilinx:tag>
        <xilinx:tag xilinx:name="ui.data.coregen.df@7c6c82b3_ARCHIVE_LOCATION">c:/users/ssp-120/desktop/bpsk_selector_21/project_1/project_1.srcs/sources_1/new</xilinx:tag>
        <xilinx:tag xilinx:name="ui.data.coregen.df@76e08f22_ARCHIVE_LOCATION">c:/users/ssp-120/desktop/bpsk_selector_21/project_1/project_1.srcs/sources_1/new</xilinx:tag>
        <xilinx:tag xilinx:name="ui.data.coregen.df@5d94757e_ARCHIVE_LOCATION">c:/users/ssp-120/desktop/bpsk_selector_21/project_1/project_1.srcs/sources_1/new</xilinx:tag>
        <xilinx:tag xilinx:name="ui.data.coregen.df@67bf48dd_ARCHIVE_LOCATION">c:/users/ssp-120/desktop/bpsk_selector_21/project_1/project_1.srcs/sources_1/new</xilinx:tag>
        <xilinx:tag xilinx:name="ui.data.coregen.df@3494a652_ARCHIVE_LOCATION">c:/users/ssp-120/desktop/bpsk_selector_21/project_1/project_1.srcs/sources_1/new</xilinx:tag>
        <xilinx:tag xilinx:name="ui.data.coregen.df@456379ee_ARCHIVE_LOCATION">c:/users/ssp-120/desktop/bpsk_selector_21/project_1/project_1.srcs/sources_1/new</xilinx:tag>
        <xilinx:tag xilinx:name="ui.data.coregen.df@2cd91280_ARCHIVE_LOCATION">c:/users/ssp-120/desktop/bpsk_selector_21/project_1/project_1.srcs/sources_1/new</xilinx:tag>
        <xilinx:tag xilinx:name="ui.data.coregen.df@7badc531_ARCHIVE_LOCATION">c:/users/ssp-120/desktop/bpsk_selector_21/project_1/project_1.srcs/sources_1/new</xilinx:tag>
        <xilinx:tag xilinx:name="ui.data.coregen.df@46abbbfd_ARCHIVE_LOCATION">c:/users/ssp-120/desktop/bpsk_selector_21/project_1/project_1.srcs/sources_1/new</xilinx:tag>
        <xilinx:tag xilinx:name="ui.data.coregen.df@33e3bf72_ARCHIVE_LOCATION">d:/Personal/BPSK_Selector_21/project_1/project_1.srcs/sources_1/new</xilinx:tag>
        <xilinx:tag xilinx:name="ui.data.coregen.df@1bd4742e_ARCHIVE_LOCATION">d:/Personal/BPSK_Selector_21/project_1/project_1.srcs/sources_1/new</xilinx:tag>
        <xilinx:tag xilinx:name="ui.data.coregen.df@ec06f4_ARCHIVE_LOCATION">d:/Personal/BPSK_Selector_21/project_1/project_1.srcs/sources_1/new</xilinx:tag>
        <xilinx:tag xilinx:name="ui.data.coregen.df@7bb35d61_ARCHIVE_LOCATION">d:/Personal/BPSK_Selector_21/project_1/project_1.srcs/sources_1/new</xilinx:tag>
        <xilinx:tag xilinx:name="ui.data.coregen.df@4c2cbc11_ARCHIVE_LOCATION">d:/Personal/BPSK_Selector_21/project_1/project_1.srcs/sources_1/new</xilinx:tag>
        <xilinx:tag xilinx:name="ui.data.coregen.df@4f1c16f1_ARCHIVE_LOCATION">d:/Personal/BPSK_Selector_21/project_1/project_1.srcs/sources_1/new</xilinx:tag>
        <xilinx:tag xilinx:name="ui.data.coregen.df@3b8caf2d_ARCHIVE_LOCATION">d:/Personal/BPSK_Selector_21/project_1/project_1.srcs/sources_1/new</xilinx:tag>
        <xilinx:tag xilinx:name="ui.data.coregen.df@778ae568_ARCHIVE_LOCATION">d:/Personal/BPSK_Selector_21/project_1/project_1.srcs/sources_1/new</xilinx:tag>
        <xilinx:tag xilinx:name="ui.data.coregen.df@b9b1de7_ARCHIVE_LOCATION">d:/Personal/BPSK_Selector_21/project_1/project_1.srcs/sources_1/new</xilinx:tag>
        <xilinx:tag xilinx:name="ui.data.coregen.df@54de8e31_ARCHIVE_LOCATION">d:/Personal/BPSK_Selector_21/project_1/project_1.srcs/sources_1/new</xilinx:tag>
        <xilinx:tag xilinx:name="ui.data.coregen.df@5782bc2b_ARCHIVE_LOCATION">d:/Personal/BPSK_Selector_21/project_1/project_1.srcs/sources_1/new</xilinx:tag>
        <xilinx:tag xilinx:name="ui.data.coregen.df@7026cfb1_ARCHIVE_LOCATION">d:/Personal/BPSK_Selector_21/project_1/project_1.srcs/sources_1/new</xilinx:tag>
        <xilinx:tag xilinx:name="ui.data.coregen.df@37a11177_ARCHIVE_LOCATION">d:/Personal/BPSK_Selector_21/project_1/project_1.srcs/sources_1/new</xilinx:tag>
        <xilinx:tag xilinx:name="ui.data.coregen.df@920c197_ARCHIVE_LOCATION">d:/Personal/BPSK_Selector_21/project_1/project_1.srcs/sources_1/new</xilinx:tag>
        <xilinx:tag xilinx:name="ui.data.coregen.df@5a78f771_ARCHIVE_LOCATION">d:/Personal/BPSK_Selector_21/project_1/project_1.srcs/sources_1/new</xilinx:tag>
        <xilinx:tag xilinx:name="ui.data.coregen.df@30417032_ARCHIVE_LOCATION">d:/Personal/BPSK_Selector_21/project_1/project_1.srcs/sources_1/new</xilinx:tag>
        <xilinx:tag xilinx:name="ui.data.coregen.df@6638152c_ARCHIVE_LOCATION">d:/Personal/BPSK_Selector_21/project_1/project_1.srcs/sources_1/new</xilinx:tag>
        <xilinx:tag xilinx:name="ui.data.coregen.df@516eae55_ARCHIVE_LOCATION">d:/Personal/BPSK_Selector_21/project_1/project_1.srcs/sources_1/new</xilinx:tag>
        <xilinx:tag xilinx:name="ui.data.coregen.df@137c4b3a_ARCHIVE_LOCATION">d:/Personal/BPSK_Selector_21/project_1/project_1.srcs/sources_1/new</xilinx:tag>
        <xilinx:tag xilinx:name="ui.data.coregen.df@1edcbb89_ARCHIVE_LOCATION">d:/Personal/BPSK_Selector_21/project_1/project_1.srcs/sources_1/new</xilinx:tag>
        <xilinx:tag xilinx:name="ui.data.coregen.df@30ce929f_ARCHIVE_LOCATION">d:/Personal/BPSK_Selector_21/project_1/project_1.srcs/sources_1/new</xilinx:tag>
        <xilinx:tag xilinx:name="ui.data.coregen.df@79da5311_ARCHIVE_LOCATION">d:/Personal/BPSK_Selector_21/project_1/project_1.srcs/sources_1/new</xilinx:tag>
        <xilinx:tag xilinx:name="ui.data.coregen.df@32dffa9c_ARCHIVE_LOCATION">d:/Personal/BPSK_Selector_21/project_1/project_1.srcs/sources_1/new</xilinx:tag>
        <xilinx:tag xilinx:name="ui.data.coregen.df@110efac0_ARCHIVE_LOCATION">d:/Personal/BPSK_Selector_21/project_1/project_1.srcs/sources_1/new</xilinx:tag>
        <xilinx:tag xilinx:name="ui.data.coregen.df@d73bd83_ARCHIVE_LOCATION">d:/Personal/BPSK_Selector_21/project_1/project_1.srcs/sources_1/new</xilinx:tag>
        <xilinx:tag xilinx:name="ui.data.coregen.df@23c28032_ARCHIVE_LOCATION">d:/Personal/BPSK_Selector_21/project_1/project_1.srcs/sources_1/new</xilinx:tag>
        <xilinx:tag xilinx:name="ui.data.coregen.df@43a7d8d6_ARCHIVE_LOCATION">d:/Personal/BPSK_Selector_21/project_1/project_1.srcs/sources_1/new</xilinx:tag>
        <xilinx:tag xilinx:name="ui.data.coregen.df@5cbf3eb4_ARCHIVE_LOCATION">d:/Personal/BPSK_Selector_21/project_1/project_1.srcs/sources_1/new</xilinx:tag>
        <xilinx:tag xilinx:name="ui.data.coregen.df@25ff28c4_ARCHIVE_LOCATION">d:/Personal/BPSK_Selector_21/project_1/project_1.srcs/sources_1/new</xilinx:tag>
        <xilinx:tag xilinx:name="ui.data.coregen.df@7ab2ae33_ARCHIVE_LOCATION">d:/Personal/BPSK_Selector_21/project_1/project_1.srcs/sources_1/new</xilinx:tag>
        <xilinx:tag xilinx:name="ui.data.coregen.df@4ee68a22_ARCHIVE_LOCATION">d:/Personal/BPSK_Selector_21/project_1/project_1.srcs/sources_1/new</xilinx:tag>
        <xilinx:tag xilinx:name="ui.data.coregen.df@1eb47786_ARCHIVE_LOCATION">d:/Personal/BPSK_Selector_21/project_1/project_1.srcs/sources_1/new</xilinx:tag>
        <xilinx:tag xilinx:name="ui.data.coregen.df@ef02fee_ARCHIVE_LOCATION">d:/Personal/BPSK_Selector_21/project_1/project_1.srcs/sources_1/new</xilinx:tag>
        <xilinx:tag xilinx:name="ui.data.coregen.df@321f819a_ARCHIVE_LOCATION">d:/Personal/BPSK_Selector_21/project_1/project_1.srcs/sources_1/new</xilinx:tag>
        <xilinx:tag xilinx:name="ui.data.coregen.df@7df5c4f2_ARCHIVE_LOCATION">d:/Personal/BPSK_Selector_21/project_1/project_1.srcs/sources_1/new</xilinx:tag>
        <xilinx:tag xilinx:name="ui.data.coregen.df@5cbb2241_ARCHIVE_LOCATION">d:/Personal/BPSK_Selector_21/project_1/project_1.srcs/sources_1/new</xilinx:tag>
        <xilinx:tag xilinx:name="ui.data.coregen.df@686fd9de_ARCHIVE_LOCATION">d:/Personal/BPSK_Selector_21/project_1/project_1.srcs/sources_1/new</xilinx:tag>
        <xilinx:tag xilinx:name="ui.data.coregen.df@379e56d5_ARCHIVE_LOCATION">d:/Personal/BPSK_Selector_21/project_1/project_1.srcs/sources_1/new</xilinx:tag>
        <xilinx:tag xilinx:name="ui.data.coregen.df@33dd2a0f_ARCHIVE_LOCATION">d:/Personal/BPSK_Selector_21/project_1/project_1.srcs/sources_1/new</xilinx:tag>
        <xilinx:tag xilinx:name="ui.data.coregen.df@21a8ea08_ARCHIVE_LOCATION">d:/Personal/BPSK_Selector_21/project_1/project_1.srcs/sources_1/new</xilinx:tag>
        <xilinx:tag xilinx:name="ui.data.coregen.df@3e4f9620_ARCHIVE_LOCATION">d:/Personal/BPSK_Selector_21/project_1/project_1.srcs/sources_1/new</xilinx:tag>
        <xilinx:tag xilinx:name="ui.data.coregen.df@52517013_ARCHIVE_LOCATION">d:/Personal/BPSK_Selector_21/project_1/project_1.srcs/sources_1/new</xilinx:tag>
        <xilinx:tag xilinx:name="ui.data.coregen.df@3b0ffa25_ARCHIVE_LOCATION">d:/Personal/BPSK_Selector_21/project_1/project_1.srcs/sources_1/new</xilinx:tag>
        <xilinx:tag xilinx:name="ui.data.coregen.df@14540fd8_ARCHIVE_LOCATION">d:/Personal/BPSK_Selector_21/project_1/project_1.srcs/sources_1/new</xilinx:tag>
        <xilinx:tag xilinx:name="ui.data.coregen.df@7dc5f8a6_ARCHIVE_LOCATION">d:/Personal/BPSK_Selector_21/project_1/project_1.srcs/sources_1/new</xilinx:tag>
        <xilinx:tag xilinx:name="ui.data.coregen.df@3d4e5dc4_ARCHIVE_LOCATION">d:/Personal/BPSK_Selector_21/project_1/project_1.srcs/sources_1/new</xilinx:tag>
        <xilinx:tag xilinx:name="ui.data.coregen.df@19666d72_ARCHIVE_LOCATION">d:/Personal/BPSK_Selector_21/project_1/project_1.srcs/sources_1/new</xilinx:tag>
        <xilinx:tag xilinx:name="ui.data.coregen.df@3a5cd505_ARCHIVE_LOCATION">d:/Personal/BPSK_Selector_21/project_1/project_1.srcs/sources_1/new</xilinx:tag>
        <xilinx:tag xilinx:name="ui.data.coregen.df@319f1ada_ARCHIVE_LOCATION">d:/Personal/BPSK_Selector_21/project_1/project_1.srcs/sources_1/new</xilinx:tag>
        <xilinx:tag xilinx:name="ui.data.coregen.df@3cabff6c_ARCHIVE_LOCATION">d:/Personal/BPSK_Selector_21/project_1/project_1.srcs/sources_1/new</xilinx:tag>
        <xilinx:tag xilinx:name="ui.data.coregen.df@45f91b26_ARCHIVE_LOCATION">d:/Personal/BPSK_Selector_21/project_1/project_1.srcs/sources_1/new</xilinx:tag>
        <xilinx:tag xilinx:name="ui.data.coregen.df@299dbdaf_ARCHIVE_LOCATION">d:/Personal/BPSK_Selector_21/project_1/project_1.srcs/sources_1/new</xilinx:tag>
        <xilinx:tag xilinx:name="ui.data.coregen.df@60df83f0_ARCHIVE_LOCATION">d:/Personal/BPSK_Selector_21/project_1/project_1.srcs/sources_1/new</xilinx:tag>
        <xilinx:tag xilinx:name="ui.data.coregen.df@4b23d468_ARCHIVE_LOCATION">d:/Personal/BPSK_Selector_21/project_1/project_1.srcs/sources_1/new</xilinx:tag>
        <xilinx:tag xilinx:name="ui.data.coregen.df@78c5fd3f_ARCHIVE_LOCATION">d:/Personal/BPSK_Selector_21/project_1/project_1.srcs/sources_1/new</xilinx:tag>
        <xilinx:tag xilinx:name="ui.data.coregen.df@117cf90f_ARCHIVE_LOCATION">d:/Personal/BPSK_Selector_21/project_1/project_1.srcs/sources_1/new</xilinx:tag>
        <xilinx:tag xilinx:name="ui.data.coregen.df@1f8318e2_ARCHIVE_LOCATION">d:/Personal/BPSK_Selector_21/project_1/project_1.srcs/sources_1/new</xilinx:tag>
        <xilinx:tag xilinx:name="ui.data.coregen.df@40dc0d44_ARCHIVE_LOCATION">d:/Personal/BPSK_Selector_21/project_1/project_1.srcs/sources_1/new</xilinx:tag>
        <xilinx:tag xilinx:name="ui.data.coregen.df@2ee8f183_ARCHIVE_LOCATION">d:/Personal/BPSK_Selector_21/project_1/project_1.srcs/sources_1/new</xilinx:tag>
        <xilinx:tag xilinx:name="ui.data.coregen.df@79d2c3fd_ARCHIVE_LOCATION">d:/Personal/BPSK_Selector_21/project_1/project_1.srcs/sources_1/new</xilinx:tag>
        <xilinx:tag xilinx:name="ui.data.coregen.df@104b21f3_ARCHIVE_LOCATION">d:/Personal/BPSK_Selector_21/project_1/project_1.srcs/sources_1/new</xilinx:tag>
        <xilinx:tag xilinx:name="ui.data.coregen.df@593f22a8_ARCHIVE_LOCATION">d:/Personal/BPSK_Selector_21/project_1/project_1.srcs/sources_1/new</xilinx:tag>
        <xilinx:tag xilinx:name="ui.data.coregen.df@7c00bebb_ARCHIVE_LOCATION">d:/Personal/BPSK_Selector_21/project_1/project_1.srcs/sources_1/new</xilinx:tag>
        <xilinx:tag xilinx:name="ui.data.coregen.df@25f3e2ed_ARCHIVE_LOCATION">d:/Personal/BPSK_Selector_21/project_1/project_1.srcs/sources_1/new</xilinx:tag>
        <xilinx:tag xilinx:name="ui.data.coregen.df@7ee8e33b_ARCHIVE_LOCATION">d:/Personal/BPSK_Selector_21/project_1/project_1.srcs/sources_1/new</xilinx:tag>
        <xilinx:tag xilinx:name="ui.data.coregen.df@9337115_ARCHIVE_LOCATION">d:/Personal/BPSK_Selector_21/project_1/project_1.srcs/sources_1/new</xilinx:tag>
        <xilinx:tag xilinx:name="ui.data.coregen.df@68f762bc_ARCHIVE_LOCATION">d:/Personal/BPSK_Selector_21/project_1/project_1.srcs/sources_1/new</xilinx:tag>
        <xilinx:tag xilinx:name="ui.data.coregen.df@1ba6f335_ARCHIVE_LOCATION">d:/Personal/BPSK_Selector_21/project_1/project_1.srcs/sources_1/new</xilinx:tag>
        <xilinx:tag xilinx:name="ui.data.coregen.df@18f68986_ARCHIVE_LOCATION">d:/Personal/BPSK_Selector_21/project_1/project_1.srcs/sources_1/new</xilinx:tag>
        <xilinx:tag xilinx:name="ui.data.coregen.df@79252cd1_ARCHIVE_LOCATION">d:/Personal/BPSK_Selector_21/project_1/project_1.srcs/sources_1/new</xilinx:tag>
      </xilinx:tags>
    </xilinx:coreExtensions>
    <xilinx:packagingInfo>
      <xilinx:xilinxVersion>2021.1</xilinx:xilinxVersion>
      <xilinx:checksum xilinx:scope="busInterfaces" xilinx:value="9e55f750"/>
      <xilinx:checksum xilinx:scope="fileGroups" xilinx:value="397dd482"/>
      <xilinx:checksum xilinx:scope="ports" xilinx:value="5bf6fd65"/>
      <xilinx:checksum xilinx:scope="parameters" xilinx:value="9dabf333"/>
    </xilinx:packagingInfo>
  </spirit:vendorExtensions>
</spirit:component>
