<?xml version="1.0" encoding="UTF-8"?>
<GenRun Id="synth_1" LaunchPart="xczu9eg-ffvb1156-2-e" LaunchTime="1675735008">
  <File Type="PA-TCL" Name="BPSK_Selector_21.tcl"/>
  <File Type="RDS-PROPCONSTRS" Name="BPSK_Selector_21_drc_synth.rpt"/>
  <File Type="REPORTS-TCL" Name="BPSK_Selector_21_reports.tcl"/>
  <File Type="RDS-RDS" Name="BPSK_Selector_21.vds"/>
  <File Type="RDS-UTIL" Name="BPSK_Selector_21_utilization_synth.rpt"/>
  <File Type="RDS-UTIL-PB" Name="BPSK_Selector_21_utilization_synth.pb"/>
  <File Type="RDS-DCP" Name="BPSK_Selector_21.dcp"/>
  <File Type="VDS-TIMINGSUMMARY" Name="BPSK_Selector_21_timing_summary_synth.rpt"/>
  <File Type="VDS-TIMING-PB" Name="BPSK_Selector_21_timing_summary_synth.pb"/>
  <FileSet Name="sources" Type="DesignSrcs" RelSrcDir="$PSRCDIR/sources_1" RelGenDir="$PGENDIR/sources_1">
    <Filter Type="Srcs"/>
    <File Path="$PSRCDIR/sources_1/new/BPSK_Selector_21.vhd">
      <FileInfo>
        <Attr Name="UsedIn" Val="synthesis"/>
        <Attr Name="UsedIn" Val="simulation"/>
      </FileInfo>
    </File>
    <Config>
      <Option Name="DesignMode" Val="RTL"/>
      <Option Name="TopModule" Val="BPSK_Selector_21"/>
      <Option Name="TopAutoSet" Val="TRUE"/>
    </Config>
  </FileSet>
  <FileSet Name="constrs_in" Type="Constrs" RelSrcDir="$PSRCDIR/constrs_1">
    <Filter Type="Constrs"/>
    <Config>
      <Option Name="ConstrsType" Val="XDC"/>
    </Config>
  </FileSet>
  <FileSet Name="utils" Type="Utils" RelSrcDir="$PSRCDIR/utils_1">
    <Filter Type="Utils"/>
    <Config>
      <Option Name="TopAutoSet" Val="TRUE"/>
    </Config>
  </FileSet>
  <Strategy Version="1" Minor="2">
    <StratHandle Name="Vivado Synthesis Defaults" Flow="Vivado Synthesis 2021">
      <Desc>Vivado Synthesis Defaults</Desc>
    </StratHandle>
    <Step Id="synth_design"/>
  </Strategy>
</GenRun>
